"STORE_ID","STORE_NAME","BUSINESS_ID","MERCHANT_STORE_ID","TRANSACTIONS_START_LOCAL_DATE","TRANSACTIONS_END_LOCAL_DATE","SUBTOTAL","TAX_SUBTOTAL","COMMISSION","COMMISSION_TAX","DRIVE_CHARGE","MARKETING_FEES","STOREFRONT_TRANSACTION_FEES","STOREFRONT_DELIVERY_FEES","STAFF_TIPS","ERROR_CHARGES","ADJUSTMENTS","TOTAL_BEFORE_ADJUSTMENTS","ESTIMATED_PAYOUT","TAX_REMITTED_BY_DOORDASH_TO_STATE","SUBTOTAL_FOR_TAX","DOORDASH_FUNDED_SUBTOTAL_DISCOUNT_AMOUNT","MERCHANT_FUNDED_SUBTOTAL_DISCOUNT_AMOUNT"
87680,"Cheebo Hollywood",52235,"NULL","2021-09-20","2021-09-26",2668.20,253.57,602.10,0.00,0.00,0.00,14.58,0.00,0.00,60.70,189.16,2244.39,2433.55,0.00,2668.20,9.63,0.00
544328,"Angel Wings Hollywood",251575,"NULL","2021-09-21","2021-09-26",346.95,32.97,97.14,0.00,0.00,0.00,0.00,0.00,0.00,0.00,18.31,282.78,301.09,0.00,346.95,0.00,0.00
544757,"Chuck's Chicken & Waffles Hollywood",288674,"NULL","2021-09-24","2021-09-26",116.50,11.08,32.12,0.00,0.00,0.00,0.00,0.00,0.00,0.00,0.00,95.46,95.46,0.00,116.50,1.70,0.00
544758,"Hollywood Wraps Hollywood",209813,"NULL","2021-09-20","2021-09-26",304.70,28.95,82.57,0.00,0.00,0.00,0.00,0.00,0.00,0.00,13.92,251.08,265.00,0.00,304.70,0.00,0.00
544762,"Oscar's Pancake Bar Hollywood",251607,"NULL","2021-09-21","2021-09-26",237.90,22.62,66.62,0.00,0.00,0.00,0.00,0.00,0.00,0.00,14.80,193.90,208.70,0.00,237.90,0.00,0.00
544767,"Sunset Beach Fish & Chips Hollywood",251112,"NULL","2021-09-21","2021-09-25",197.20,18.74,55.21,0.00,0.00,0.00,0.00,0.00,0.00,0.00,0.00,160.73,160.73,0.00,197.20,0.00,0.00
544813,"Pizzaroo Pizzas Hollywood",251115,"NULL","2021-09-21","2021-09-26",109.15,10.38,30.58,0.00,0.00,0.00,0.00,0.00,0.00,0.00,0.00,88.95,88.95,0.00,109.15,0.00,0.00
544815,"Sierra Bonita Mexican Grill Hollywood",251573,"NULL","2021-09-22","2021-09-25",153.10,14.55,42.87,0.00,0.00,0.00,0.00,0.00,0.00,0.00,0.00,124.78,124.78,0.00,153.10,0.00,0.00
545354,"Cheebo's Burger Stand Hollywood",252489,"NULL","2021-09-21","2021-09-26",135.85,12.91,38.03,0.00,0.00,0.00,0.00,0.00,0.00,0.00,0.00,110.73,110.73,0.00,135.85,0.00,0.00
637499,"Surf City Wings DTLA",294695,"NULL","2021-09-26","2021-09-26",-5.00,0.00,0.00,0.00,0.00,0.00,0.00,0.00,0.00,0.00,0.00,-5.00,-5.00,0.00,0.00,0.00,0.00
875134,"Cheebo Express WEHO + Beverly Hills",393555,"NULL","2021-09-21","2021-09-26",530.20,50.40,159.12,0.00,0.00,0.00,0.00,0.00,0.00,0.00,0.00,421.48,421.48,0.00,530.20,1.40,0.00
876335,"Hollywood Wraps (We Ho)",209813,"NULL","2021-09-22","2021-09-26",79.55,7.56,23.88,0.00,0.00,0.00,0.00,0.00,0.00,0.00,0.00,63.23,63.23,0.00,79.55,0.00,0.00
895489,"Nocturnal Eats WeHo + Beverly Hills",185264,"NULL","2021-09-24","2021-09-25",56.75,5.40,17.04,0.00,0.00,0.00,0.00,0.00,0.00,0.00,0.00,45.11,45.11,0.00,56.75,0.00,0.00
899548,"Sunset Beach Fish and Chips WEHO + Beverly Hills",251112,"NULL","2021-09-22","2021-09-25",117.35,11.15,35.21,0.00,0.00,0.00,0.00,0.00,0.00,0.00,0.00,93.29,93.29,0.00,117.35,0.00,0.00
904924,"Welders Grilled Cheese Hollywood",404303,"NULL","2021-09-21","2021-09-26",381.20,36.22,114.39,0.00,0.00,0.00,0.00,0.00,0.00,0.00,0.00,303.03,303.03,0.00,381.20,0.00,0.00
912823,"Nocturnal Eats Hollywood",185264,"NULL","2021-09-21","2021-09-25",651.75,61.97,193.64,0.00,0.00,0.00,0.00,0.00,0.00,0.00,0.00,520.08,520.08,0.00,651.75,0.00,0.00
943644,"Angel Pasta Hollywood",575775,"NULL","2021-09-21","2021-09-26",1004.85,95.07,282.04,0.00,0.00,5.00,2.04,0.00,0.00,7.12,0.00,803.72,803.72,0.00,999.85,7.98,5.00
1044739,"Seaside Burritos And Tacos WEHO + Beverly Hills",466228,"NULL","2021-09-21","2021-09-21",17.85,1.70,2.68,0.00,0.00,0.00,0.00,0.00,0.00,0.00,0.00,16.87,16.87,0.00,17.85,0.00,0.00
1045200,"Morning After Breakfast Hollywood",466789,"NULL","2021-09-21","2021-09-26",272.35,25.90,81.74,0.00,0.00,0.00,0.00,0.00,0.00,0.00,0.00,216.51,216.51,0.00,272.35,0.00,0.00
1046227,"Angel Wings  WEHO + Beverly Hills",251575,"NULL","2021-09-21","2021-09-26",111.95,10.65,33.59,0.00,0.00,0.00,0.00,0.00,0.00,0.00,0.00,89.01,89.01,0.00,111.95,0.00,0.00
1046772,"Fisher & Sons Fish & Chips WeHo + Beverly Hills",470278,"NULL","2021-09-23","2021-09-25",35.90,3.41,10.78,0.00,0.00,0.00,0.00,0.00,0.00,0.00,0.00,28.53,28.53,0.00,35.90,0.00,0.00
1047576,"Burger Bitch Hollywood",467990,"NULL","2021-09-21","2021-09-26",138.25,13.13,41.49,0.00,0.00,0.00,0.00,0.00,0.00,0.00,10.28,109.89,120.17,0.00,138.25,15.00,0.00
1047616,"The Codfather Hollywood",468419,"NULL","2021-09-21","2021-09-25",87.15,8.28,26.15,0.00,0.00,0.00,0.00,0.00,0.00,0.00,0.00,69.28,69.28,0.00,87.15,0.00,0.00
1047936,"Morning After Breakfast  WeHo + Beverly Hills",466789,"NULL","2021-09-24","2021-09-26",34.80,3.31,10.44,0.00,0.00,0.00,0.00,0.00,0.00,0.00,0.00,27.67,27.67,0.00,34.80,0.00,0.00
1048066,"Oscars Pancake Bar WeHo + Beverly Hills",251607,"NULL","2021-09-22","2021-09-23",44.80,4.26,13.44,0.00,0.00,0.00,0.00,0.00,0.00,0.00,0.00,35.62,35.62,0.00,44.80,0.00,0.00
1050736,"Coast Burger - Hollywood",467218,"NULL","2021-09-21","2021-09-21",21.85,2.08,6.56,0.00,0.00,0.00,0.00,0.00,0.00,0.00,0.00,17.37,17.37,0.00,21.85,0.00,0.00
1050751,"Pipeline Wraps Hollywood",350481,"NULL","2021-09-25","2021-09-25",17.90,1.70,5.37,0.00,0.00,0.00,0.00,0.00,0.00,0.00,0.00,14.23,14.23,0.00,17.90,0.00,0.00
1050761,"Chuck's Chicken & Waffles WeHo + Beverly Hills",288674,"NULL","2021-09-25","2021-09-25",38.85,3.69,11.66,0.00,0.00,0.00,0.00,0.00,0.00,0.00,0.00,30.88,30.88,0.00,38.85,0.00,0.00
1050816,"LA Greens Hollywood",362431,"NULL","2021-09-21","2021-09-23",133.90,12.73,37.48,0.00,0.00,0.00,0.00,0.00,0.00,0.00,0.00,109.15,109.15,0.00,133.90,0.00,0.00
1050834,"Seaside Burritos and Tacos Hollywood",466228,"NULL","2021-09-22","2021-09-25",14.95,1.42,4.49,0.00,0.00,0.00,0.00,0.00,0.00,0.00,5.15,11.88,17.03,0.00,14.95,0.00,0.00
1050916,"Ma Soul's Chicken & Waffles Hollywood",287055,"NULL","2021-09-23","2021-09-26",172.35,16.38,51.73,0.00,0.00,0.00,0.00,0.00,0.00,0.00,0.00,137.00,137.00,0.00,172.35,0.00,0.00
1052517,"VU : DU Wings Hollywood",468960,"NULL","2021-09-25","2021-09-25",25.90,2.46,7.77,0.00,0.00,0.00,0.00,0.00,0.00,0.00,0.00,20.59,20.59,0.00,25.90,0.00,0.00
1052614,"Fisher & Sons Fish & Chips Hollywood",470278,"NULL","2021-09-21","2021-09-25",143.95,13.68,43.21,0.00,0.00,0.00,0.00,0.00,0.00,0.00,0.00,114.42,114.42,0.00,143.95,2.05,0.00
1181263,"Nacho Lords WeHo + Beverly Hills",545619,"NULL","2021-09-25","2021-09-25",18.85,1.79,2.83,0.00,0.00,0.00,0.00,0.00,0.00,0.00,0.00,17.81,17.81,0.00,18.85,0.00,0.00
1207791,"No Joke PBJ",558892,"NULL","2021-09-21","2021-09-23",95.60,9.08,21.66,0.00,0.00,0.00,0.00,0.00,0.00,0.00,0.00,83.02,83.02,0.00,95.60,5.00,0.00
1230160,"Angel Wings Burbank",251575,"NULL","2021-09-20","2021-09-26",410.05,42.01,123.05,0.00,0.00,0.00,0.00,0.00,0.00,0.00,0.00,329.01,329.01,0.00,410.05,0.00,0.00
1231398,"Angel Pasta Burbank",575775,"NULL","2021-09-21","2021-09-25",257.90,26.41,77.40,0.00,0.00,0.00,0.00,0.00,0.00,0.00,0.00,206.91,206.91,0.00,257.90,0.00,0.00
1235294,"Burger Bitch Burbank",467990,"NULL","2021-09-21","2021-09-23",129.30,13.25,38.79,0.00,0.00,0.00,0.00,0.00,0.00,0.00,0.00,103.76,103.76,0.00,129.30,0.00,0.00
1239046,"Cheebo Express Burbank",393555,"NULL","2021-09-21","2021-09-26",839.05,85.96,238.56,0.00,0.00,0.00,0.00,0.00,0.00,5.20,0.00,681.25,681.25,0.00,839.05,31.86,0.00
1239051,"Cheebo's Burger Stand Burbank",252489,"NULL","2021-09-23","2021-09-24",87.60,8.97,26.29,0.00,0.00,0.00,0.00,0.00,0.00,0.00,0.00,70.28,70.28,0.00,87.60,0.00,0.00
1239057,"Cheebo Burbank",52235,"NULL","2021-09-22","2021-09-26",433.10,44.38,129.96,0.00,0.00,0.00,0.00,0.00,0.00,0.00,0.00,347.52,347.52,0.00,433.10,10.00,0.00
1243742,"Coast Burger Burbank",467218,"NULL","2021-09-23","2021-09-23",43.70,4.48,13.11,0.00,0.00,0.00,0.00,0.00,0.00,0.00,0.00,35.07,35.07,0.00,43.70,0.00,0.00
1244667,"Hollywood Wraps Burbank",209813,"NULL","2021-09-20","2021-09-25",187.55,19.21,47.50,0.00,0.00,0.00,1.15,0.00,0.00,0.00,6.79,158.11,164.90,0.00,187.55,0.00,0.00
1244744,"The Codfather (Burbank)",468419,"NULL","2021-09-20","2021-09-26",227.00,23.26,63.03,0.00,0.00,0.00,0.79,0.00,0.00,0.00,0.00,186.44,186.44,0.00,227.00,0.00,0.00
1244755,"Fisher & Sons Fish and Chips Burbank",470278,"NULL","2021-09-21","2021-09-26",136.25,13.97,40.89,0.00,0.00,0.00,0.00,0.00,0.00,8.41,0.00,100.92,100.92,0.00,136.25,0.00,0.00
1250832,"LA Greens Burbank",362431,"NULL","2021-09-20","2021-09-26",94.60,9.70,28.40,0.00,0.00,0.00,0.00,0.00,0.00,0.00,0.00,75.90,75.90,0.00,94.60,0.00,0.00
1251413,"Morning After Breakfast Burbank",466789,"NULL","2021-09-23","2021-09-25",31.85,3.27,9.56,0.00,0.00,0.00,0.00,0.00,0.00,0.00,0.00,25.56,25.56,0.00,31.85,0.00,0.00
1251426,"Ma Soul's Chicken And Waffles Burbank",287055,"NULL","2021-09-20","2021-09-26",316.25,32.41,89.82,0.00,0.00,0.00,0.00,0.00,0.00,0.00,0.00,258.84,258.84,0.00,316.25,10.00,0.00
1251704,"Nacho Lords Burbank",545619,"NULL","2021-09-21","2021-09-26",257.65,26.40,74.49,0.00,0.00,0.00,0.00,0.00,0.00,0.00,32.32,209.56,241.88,0.00,257.65,0.00,0.00
1251723,"No Joke PBJ (Wilshire Blvd)",558892,"NULL","2021-09-21","2021-09-21",14.95,1.42,0.00,0.00,0.00,0.00,0.00,0.00,0.00,0.00,0.00,16.37,16.37,0.00,14.95,0.00,0.00
1253393,"Sierra Bonita Mexican Grill Burbank",251573,"NULL","2021-09-21","2021-09-24",160.85,16.48,48.26,0.00,0.00,0.00,0.00,0.00,0.00,0.00,0.00,129.07,129.07,0.00,160.85,0.00,0.00
1253452,"Oscars Pancake Bar Burbank",251607,"NULL","2021-09-21","2021-09-26",292.15,29.93,87.66,0.00,0.00,0.00,0.00,0.00,0.00,0.00,0.00,234.42,234.42,0.00,292.15,0.00,0.00
1253592,"Pipeline Wraps  Burbank",350481,"NULL","2021-09-21","2021-09-22",64.65,6.62,19.40,0.00,0.00,0.00,0.00,0.00,0.00,0.00,0.00,51.87,51.87,0.00,64.65,0.00,0.00
1253621,"Nocturnal Eats Burbank",185264,"NULL","2021-09-21","2021-09-25",272.00,27.88,73.19,0.00,0.00,0.00,0.00,0.00,0.00,0.00,0.00,226.69,226.69,0.00,272.00,8.20,0.00
1253679,"Seaside Burritos And Tacos  Burbank",466228,"NULL","2021-09-22","2021-09-24",42.80,4.39,12.84,0.00,0.00,0.00,0.00,0.00,0.00,0.00,0.00,34.35,34.35,0.00,42.80,0.00,0.00
1256675,"Woofers Hot Dogs Burbank",466820,"NULL","2021-09-23","2021-09-26",103.25,10.58,30.98,0.00,0.00,0.00,0.00,0.00,0.00,0.00,0.00,82.85,82.85,0.00,103.25,0.00,0.00
1257034,"Sunset Beach Fish & Chips Burbank",251112,"NULL","2021-09-21","2021-09-25",285.70,29.27,85.74,0.00,0.00,0.00,0.00,0.00,0.00,0.00,0.00,229.23,229.23,0.00,285.70,0.00,0.00
1257227,"Surf City Wings Burbank",294695,"NULL","2021-09-21","2021-09-21",33.85,3.47,10.16,0.00,0.00,0.00,0.00,0.00,0.00,0.00,0.00,27.16,27.16,0.00,33.85,0.00,0.00
1257618,"Welders Grilled Cheese Burbank",404303,"NULL","2021-09-21","2021-09-25",452.95,46.44,0.00,0.00,0.00,0.00,0.00,0.00,0.00,0.00,0.00,499.39,499.39,0.00,452.95,0.00,0.00
1328796,"Angel Pasta Santa Monica",575775,"NULL","2021-09-21","2021-09-26",449.05,42.71,134.76,0.00,0.00,0.00,0.00,0.00,0.00,0.00,0.00,357.00,357.00,0.00,449.05,5.00,0.00
1333886,"Angel Wings Santa Monica",251575,"NULL","2021-09-21","2021-09-26",381.10,36.23,114.36,0.00,0.00,0.00,0.00,0.00,0.00,0.00,13.97,302.97,316.94,0.00,381.10,10.00,0.00
1335848,"Burger Bitch Santa Monica",467990,"NULL","2021-09-21","2021-09-26",298.85,28.40,45.34,0.00,0.00,0.00,2.65,0.00,0.00,0.00,0.00,279.26,279.26,0.00,298.85,0.00,0.00
1343822,"Cheebo Express Santa Monica",393555,"NULL","2021-09-21","2021-09-24",61.20,5.82,18.36,0.00,0.00,0.00,0.00,0.00,0.00,0.00,0.00,48.66,48.66,0.00,61.20,0.00,0.00
1343834,"Cheebo's Burger Stand Santa Monica",252489,"NULL","2021-09-21","2021-09-23",130.10,12.37,34.41,0.00,0.00,0.00,0.00,0.00,0.00,0.00,0.00,108.06,108.06,0.00,130.10,0.00,0.00
1344936,"Cheebo Santa Monica",52235,"NULL","2021-09-21","2021-09-26",436.75,41.52,131.05,0.00,0.00,0.00,0.00,0.00,0.00,15.39,6.35,331.83,338.18,0.00,436.75,0.00,0.00
1345050,"Coast Burger (Santa Monica)",467218,"NULL","2021-09-23","2021-09-26",125.50,11.93,37.66,0.00,0.00,0.00,0.00,0.00,0.00,0.00,0.00,99.77,99.77,0.00,125.50,0.00,0.00
1346024,"Chuck's Chicken & Waffles Santa Monica",288674,"NULL","2021-09-23","2021-09-25",130.45,12.39,39.14,0.00,0.00,0.00,0.00,0.00,0.00,0.00,0.00,103.70,103.70,0.00,130.45,0.00,0.00
1354311,"LA Greens Santa Monica",362431,"NULL","2021-09-21","2021-09-25",74.15,7.05,22.26,0.00,0.00,0.00,0.00,0.00,0.00,0.00,0.00,58.94,58.94,0.00,74.15,0.00,0.00
1354326,"Ma Soul's Chicken And Waffles Santa Monica",287055,"NULL","2021-09-22","2021-09-26",244.05,23.20,73.24,0.00,0.00,0.00,0.00,0.00,0.00,0.00,0.00,194.01,194.01,0.00,244.05,0.00,0.00
1354337,"Hollywood Wraps Santa Monica",209813,"NULL","2021-09-21","2021-09-26",195.20,18.55,58.58,0.00,0.00,0.00,0.00,0.00,0.00,0.00,0.00,155.17,155.17,0.00,195.20,0.00,0.00
1354371,"Fisher & Sons Fish & Chips Santa Monica",470278,"NULL","2021-09-23","2021-09-25",62.30,5.92,18.70,0.00,0.00,0.00,0.00,0.00,0.00,0.00,0.00,49.52,49.52,0.00,62.30,0.00,0.00
1355506,"Morning After Breakfast Santa Monica",466789,"NULL","2021-09-21","2021-09-25",136.40,12.97,40.92,0.00,0.00,0.00,0.00,0.00,0.00,0.00,0.00,108.45,108.45,0.00,136.40,0.00,0.00
1355546,"Nacho Lords Santa Monica",545619,"NULL","2021-09-20","2021-09-23",66.60,6.34,19.99,0.00,0.00,0.00,0.00,0.00,0.00,0.00,0.00,52.95,52.95,0.00,66.60,0.00,0.00
1357052,"Nocturnal Eats Santa Monica",185264,"NULL","2021-09-20","2021-09-25",191.60,18.23,57.50,0.00,0.00,0.00,0.00,0.00,0.00,0.00,0.00,152.33,152.33,0.00,191.60,0.00,0.00
1357057,"Oscars Pancake Bar Santa Monica",251607,"NULL","2021-09-21","2021-09-26",755.15,71.77,226.59,0.00,0.00,0.00,0.00,0.00,0.00,5.93,47.43,594.40,641.83,0.00,755.15,0.00,0.00
1357178,"No Joke PBJ (Pico Blvd - Los Angeles)",558892,"NULL","2021-09-21","2021-09-26",260.15,24.73,78.08,0.00,0.00,0.00,0.00,0.00,0.00,8.29,0.00,198.51,198.51,0.00,260.15,0.00,0.00
1358745,"Seaside Burritos And Tacos Santa Monica",466228,"NULL","2021-09-24","2021-09-25",167.25,15.89,50.19,0.00,0.00,0.00,0.00,0.00,0.00,0.00,0.00,132.95,132.95,0.00,167.25,0.00,0.00
1358938,"Sierra Bonita Mexican Grill Santa Monica",251573,"NULL","2021-09-20","2021-09-26",510.50,48.53,153.21,0.00,0.00,0.00,0.00,0.00,0.00,0.00,0.00,405.82,405.82,0.00,510.50,10.00,0.00
1416685,"Cheebo Express",393555,"NULL","2021-09-23","2021-09-23",19.90,1.89,5.97,0.00,0.00,0.00,0.00,0.00,0.00,0.00,0.00,15.82,15.82,0.00,19.90,0.00,0.00
1416920,"Angel Pasta K Town",575775,"NULL","2021-09-21","2021-09-25",235.10,22.36,67.88,0.00,0.00,0.00,0.00,0.00,0.00,0.00,9.49,189.58,199.07,0.00,235.10,2.39,0.00
1416923,"Angel Wings K Town",251575,"NULL","2021-09-20","2021-09-25",175.30,16.67,52.61,0.00,0.00,0.00,0.00,0.00,0.00,0.00,0.00,139.36,139.36,0.00,175.30,0.00,0.00
1416925,"Morning After Breakfast KTown",466789,"NULL","2021-09-22","2021-09-26",145.60,13.83,38.17,0.00,0.00,0.00,0.00,0.00,0.00,0.00,0.00,121.26,121.26,0.00,145.60,0.00,0.00
1416930,"Cheebo's Burger Stand KTown",252489,"NULL","2021-09-20","2021-09-23",210.75,20.03,63.23,0.00,0.00,0.00,0.00,0.00,0.00,15.83,0.00,151.72,151.72,0.00,210.75,0.00,0.00
1416931,"Burger Bitch K Town",467990,"NULL","2021-09-20","2021-09-25",129.25,12.29,36.09,0.00,0.00,0.00,0.00,0.00,0.00,0.00,0.00,105.45,105.45,0.00,129.25,0.00,0.00
1416932,"The Codfather KTown",468419,"NULL","2021-09-22","2021-09-24",136.60,12.98,40.98,0.00,0.00,0.00,0.00,0.00,0.00,19.44,0.00,89.16,89.16,0.00,136.60,0.00,0.00
1416933,"Hollywood Wraps K Town",209813,"NULL","2021-09-21","2021-09-23",167.10,15.88,50.15,0.00,0.00,0.00,0.00,0.00,0.00,0.00,0.00,132.83,132.83,0.00,167.10,0.00,0.00
1416934,"Nocturnal Eats K Town",185264,"NULL","2021-09-20","2021-09-24",345.05,32.80,103.54,0.00,0.00,0.00,0.00,0.00,0.00,0.00,0.00,274.31,274.31,0.00,345.05,0.00,0.00
1416935,"Chuck's Chicken & Waffles K Town",288674,"NULL","2021-09-21","2021-09-24",72.80,6.92,21.85,0.00,0.00,0.00,0.00,0.00,0.00,0.00,0.00,57.87,57.87,0.00,72.80,0.00,0.00
1416936,"Ma Soul's Chicken And Waffles K Town",287055,"NULL","2021-09-21","2021-09-25",59.25,5.63,17.78,0.00,0.00,0.00,0.00,0.00,0.00,0.00,0.00,47.10,47.10,0.00,59.25,0.00,0.00
1416937,"Nacho Lords KTown",545619,"NULL","2021-09-21","2021-09-25",89.40,8.50,26.83,0.00,0.00,0.00,0.00,0.00,0.00,0.00,0.00,71.07,71.07,0.00,89.40,0.00,0.00
1416938,"LA Greens K Town",362431,"NULL","2021-09-23","2021-09-25",63.70,6.05,19.11,0.00,0.00,0.00,0.00,0.00,0.00,0.00,0.00,50.64,50.64,0.00,63.70,0.00,0.00
1416939,"Oscars Pancake Bar K Town",251607,"NULL","2021-09-21","2021-09-26",267.70,25.45,80.32,0.00,0.00,0.00,0.00,0.00,0.00,0.00,0.00,212.83,212.83,0.00,267.70,0.00,0.00
1416941,"Fisher & Sons Fish and Chips KTown",470278,"NULL","2021-09-24","2021-09-25",119.90,11.40,35.99,0.00,0.00,0.00,0.00,0.00,0.00,0.00,0.00,95.31,95.31,0.00,119.90,0.00,0.00
1424216,"Surf City Wings Santa Monica",294695,"NULL","2021-09-21","2021-09-23",102.45,9.74,30.75,0.00,0.00,0.00,0.00,0.00,0.00,10.28,0.00,71.16,71.16,0.00,102.45,0.00,0.00
1424250,"Pipeline Wraps K Town",350481,"NULL","2021-09-21","2021-09-25",105.45,10.02,31.65,0.00,0.00,0.00,0.00,0.00,0.00,0.00,0.00,83.82,83.82,0.00,105.45,0.00,0.00
1424386,"Woofers Hot Dogs K Town",466820,"NULL","2021-09-21","2021-09-23",94.40,8.97,28.33,0.00,0.00,0.00,0.00,0.00,0.00,0.00,0.00,75.04,75.04,0.00,94.40,0.00,0.00
1424393,"VU : DU Wings K Town",468960,"NULL","2021-09-20","2021-09-20",42.75,4.06,12.83,0.00,0.00,0.00,0.00,0.00,0.00,0.00,0.00,33.98,33.98,0.00,42.75,0.00,0.00
1424439,"Seaside Burritos and Tacos K Town",466228,"NULL","2021-09-21","2021-09-25",117.50,11.18,35.27,0.00,0.00,0.00,0.00,0.00,0.00,0.00,0.00,93.41,93.41,0.00,117.50,0.00,0.00
1424699,"Sierra Bonita Mexican Grill K Town",251573,"NULL","2021-09-22","2021-09-22",46.80,4.45,14.04,0.00,0.00,0.00,0.00,0.00,0.00,0.00,0.00,37.21,37.21,0.00,46.80,0.00,0.00
1429215,"Welders Grilled Cheese K Town",404303,"NULL","2021-09-20","2021-09-26",359.80,34.20,107.97,0.00,0.00,0.00,0.00,0.00,0.00,5.55,0.00,280.48,280.48,0.00,359.80,9.78,0.00
1429305,"The Codfather (Pico Blvd)",468419,"NULL","2021-09-23","2021-09-23",29.35,2.79,8.81,0.00,0.00,0.00,0.00,0.00,0.00,0.00,0.00,23.33,23.33,0.00,29.35,0.00,0.00
1429320,"VU : DU Wings Santa Monica",468960,"NULL","2021-09-21","2021-09-22",41.80,3.98,12.55,0.00,0.00,0.00,0.00,0.00,0.00,8.69,0.00,24.54,24.54,0.00,41.80,0.00,0.00
1429336,"Welders Grilled Cheese Santa Monica",404303,"NULL","2021-09-21","2021-09-26",829.45,78.83,248.90,0.00,0.00,0.00,0.00,0.00,0.00,54.62,0.00,604.76,604.76,0.00,829.45,0.00,0.00
1429353,"Woofers Hot Dogs Santa Monica",466820,"NULL","2021-09-21","2021-09-25",76.50,7.28,22.95,0.00,0.00,0.00,0.00,0.00,0.00,0.00,0.00,60.83,60.83,0.00,76.50,0.00,0.00
1429443,"Sunset Beach Fish & Chips Santa Monica",251112,"NULL","2021-09-20","2021-09-25",266.80,25.36,69.32,0.00,0.00,0.00,0.00,0.00,0.00,0.00,0.00,222.84,222.84,0.00,266.80,0.00,0.00
1429452,"Sunset Beach Fish & Chips K Town",251112,"NULL","2021-09-21","2021-09-26",212.00,20.15,63.62,0.00,0.00,0.00,0.00,0.00,0.00,30.84,0.00,137.69,137.69,0.00,212.00,0.00,0.00
1525738,"Cheebo Express (Pine Ave)",393555,"NULL","2021-09-20","2021-09-26",236.10,24.19,35.44,0.00,0.00,0.00,0.00,0.00,0.00,0.00,0.00,224.85,224.85,0.00,236.10,0.00,0.00
1525777,"Cheebo's Burger Stand (Pine Ave)",252489,"NULL","2021-09-21","2021-09-25",85.50,8.77,12.82,0.00,0.00,0.00,0.00,0.00,0.00,0.00,0.00,81.45,81.45,0.00,85.50,0.00,0.00
1525839,"Angel Pasta (Pine Ave)",575775,"NULL","2021-09-21","2021-09-25",233.00,23.86,34.96,0.00,0.00,0.00,0.00,0.00,0.00,0.00,0.00,221.90,221.90,0.00,233.00,0.00,0.00
1525863,"The Codfather (Pine Ave)",468419,"NULL","2021-09-26","2021-09-26",48.30,4.95,7.25,0.00,0.00,0.00,0.00,0.00,0.00,0.00,0.00,46.00,46.00,0.00,48.30,0.00,0.00
1525962,"Fisher & Sons Fish and Chips (Pine Ave)",470278,"NULL","2021-09-20","2021-09-25",119.50,12.24,17.93,0.00,0.00,0.00,0.00,0.00,0.00,0.00,0.00,113.81,113.81,0.00,119.50,0.00,0.00
1526002,"Seaside Burritos and Tacos (Pine St)",466228,"NULL","2021-09-21","2021-09-26",126.30,12.94,18.95,0.00,0.00,0.00,0.00,0.00,0.00,0.00,0.00,120.29,120.29,0.00,126.30,0.00,0.00
1526007,"No Joke PBJ (Pine St)",558892,"NULL","2021-09-25","2021-09-25",53.75,5.50,8.07,0.00,0.00,0.00,0.00,0.00,0.00,0.00,0.00,51.18,51.18,0.00,53.75,0.00,0.00
1526014,"Sunset Beach Fish & Chips (Pine St)",251112,"NULL","2021-09-20","2021-09-26",249.80,25.59,37.48,0.00,0.00,0.00,0.00,0.00,0.00,0.00,0.00,237.91,237.91,0.00,249.80,0.00,0.00
1526020,"Surf City Wings (Pine St)",294695,"NULL","2021-09-23","2021-09-23",21.90,2.24,3.29,0.00,0.00,0.00,0.00,0.00,0.00,0.00,0.00,20.85,20.85,0.00,21.90,0.00,0.00
1526036,"Angel Wings (Pine Ave)",251575,"NULL","2021-09-21","2021-09-26",373.45,38.25,56.04,0.00,0.00,0.00,0.00,0.00,0.00,0.00,0.00,355.66,355.66,0.00,373.45,0.00,0.00
1526039,"Chuck's Chicken & Waffles (Pine Ave)",288674,"NULL","2021-09-24","2021-09-26",74.80,7.67,11.22,0.00,0.00,0.00,0.00,0.00,0.00,0.00,0.00,71.25,71.25,0.00,74.80,0.00,0.00
1526041,"Ma Soul's Chicken and Waffles (Pine Ave)",287055,"NULL","2021-09-23","2021-09-25",227.00,23.26,34.07,0.00,0.00,0.00,0.00,0.00,0.00,0.00,0.00,216.19,216.19,0.00,227.00,0.00,0.00
1526057,"Nacho Lords (Pine Ave)",545619,"NULL","2021-09-21","2021-09-25",42.85,4.39,6.42,0.00,0.00,0.00,0.00,0.00,0.00,6.65,0.00,34.17,34.17,0.00,42.85,0.00,0.00
1526097,"Cheebo (Pine Ave)",52235,"NULL","2021-09-22","2021-09-26",133.10,13.64,19.97,0.00,0.00,0.00,0.00,0.00,0.00,0.00,0.00,126.77,126.77,0.00,133.10,0.00,0.00
1526114,"Hollywood Wraps (Pine Ave)",209813,"NULL","2021-09-23","2021-09-25",61.70,6.32,9.26,0.00,0.00,0.00,0.00,0.00,0.00,0.00,0.00,58.76,58.76,0.00,61.70,0.00,0.00
1526123,"Nocturnal Eats (Pine Ave)",185264,"NULL","2021-09-21","2021-09-25",406.00,41.61,60.92,0.00,0.00,0.00,0.00,0.00,0.00,0.00,0.00,386.69,386.69,0.00,406.00,0.00,0.00
1526125,"LA Greens (Pine Ave)",362431,"NULL","2021-09-22","2021-09-25",96.95,9.93,14.55,0.00,0.00,0.00,0.00,0.00,0.00,0.00,0.00,92.33,92.33,0.00,96.95,0.00,0.00
1526151,"Oscars Pancake Bar (Pine St)",251607,"NULL","2021-09-20","2021-09-26",267.70,27.43,40.16,0.00,0.00,0.00,0.00,0.00,0.00,0.00,0.00,254.97,254.97,0.00,267.70,0.00,0.00
1526213,"Woofers Hot Dogs (Pine Ave)",466820,"NULL","2021-09-23","2021-09-24",84.50,8.66,12.67,0.00,0.00,0.00,0.00,0.00,0.00,0.00,0.00,80.49,80.49,0.00,84.50,0.00,0.00
1526315,"VU : DU Wings (Pine St)",468960,"NULL","2021-09-24","2021-09-26",135.55,13.89,20.34,0.00,0.00,0.00,0.00,0.00,0.00,0.00,0.00,129.10,129.10,0.00,135.55,0.00,0.00
1526334,"Sierra Bonita Mexican Grill (Pine Ave)",251573,"NULL","2021-09-21","2021-09-25",163.30,16.73,24.49,0.00,0.00,0.00,0.00,0.00,0.00,0.00,0.00,155.54,155.54,0.00,163.30,0.00,0.00
1526564,"Welders Grilled Cheese (Pine Ave)",404303,"NULL","2021-09-20","2021-09-26",339.45,34.78,50.95,0.00,0.00,0.00,0.00,0.00,0.00,0.00,0.00,323.28,323.28,0.00,339.45,0.00,0.00
1526892,"Pizzaroo Pizza (Pine St)",251115,"NULL","2021-09-23","2021-09-24",99.65,10.21,14.95,0.00,0.00,0.00,0.00,0.00,0.00,0.00,0.00,94.91,94.91,0.00,99.65,0.00,0.00
1527039,"Burger Bitch (Pine Ave)",467990,"NULL","2021-09-21","2021-09-24",115.05,11.80,17.26,0.00,0.00,0.00,0.00,0.00,0.00,0.00,0.00,109.59,109.59,0.00,115.05,0.00,0.00
1532350,"Cheebo Express Redondo Beach",393555,"NULL","2021-09-20","2021-09-26",437.45,41.58,109.94,0.00,0.00,0.00,1.89,0.00,0.00,0.00,0.00,367.20,367.20,0.00,437.45,0.00,0.00
1532369,"Burger Bitch Redondo Beach",467990,"NULL","2021-09-22","2021-09-25",206.95,19.66,62.09,0.00,0.00,0.00,0.00,0.00,0.00,0.00,0.00,164.52,164.52,0.00,206.95,0.00,0.00
1532392,"Angel Pasta Redondo Beach",575775,"NULL","2021-09-20","2021-09-25",382.70,36.39,114.84,0.00,0.00,0.00,0.00,0.00,0.00,12.25,0.00,292.00,292.00,0.00,382.70,0.00,0.00
1532406,"Angel Wings Redondo Beach",251575,"NULL","2021-09-21","2021-09-25",323.75,30.80,97.16,0.00,0.00,0.00,0.00,0.00,0.00,0.00,0.00,257.39,257.39,0.00,323.75,0.00,0.00
1532416,"VU : DU Wings Redondo Beach",468960,"NULL","2021-09-25","2021-09-25",26.85,2.55,8.06,0.00,0.00,0.00,0.00,0.00,0.00,0.00,0.00,21.34,21.34,0.00,26.85,0.00,0.00
1532426,"LA Greens Redondo Beach",362431,"NULL","2021-09-21","2021-09-25",90.55,8.61,27.18,0.00,0.00,0.00,0.00,0.00,0.00,0.00,0.00,71.98,71.98,0.00,90.55,0.00,0.00
1532433,"Cheebo's Burger Stand Redondo Beach",252489,"NULL","2021-09-24","2021-09-24",47.65,4.53,14.30,0.00,0.00,0.00,0.00,0.00,0.00,0.00,0.00,37.88,37.88,0.00,47.65,0.00,0.00
1532437,"Morning After Breakfast Redondo Beach",466789,"NULL","2021-09-21","2021-09-25",156.25,14.85,46.89,0.00,0.00,0.00,0.00,0.00,0.00,0.00,0.00,124.21,124.21,0.00,156.25,0.00,0.00
1532471,"Chuck's Chicken & Waffles Redondo Beach",288674,"NULL","2021-09-22","2021-09-26",218.90,20.81,65.68,0.00,0.00,0.00,0.00,0.00,0.00,0.00,0.00,174.03,174.03,0.00,218.90,0.00,0.00
1532475,"Cheebo Redondo Beach",52235,"NULL","2021-09-21","2021-09-26",950.35,90.33,285.16,0.00,0.00,0.00,0.00,0.00,0.00,0.00,24.54,755.52,780.06,0.00,950.35,5.00,0.00
1532476,"The Codfather Redondo Beach",468419,"NULL","2021-09-21","2021-09-25",123.45,11.74,37.05,0.00,0.00,0.00,0.00,0.00,0.00,0.00,0.00,98.14,98.14,0.00,123.45,0.00,0.00
1532480,"Fisher & Sons Fish and Chips Redondo Beach",470278,"NULL","2021-09-21","2021-09-25",195.55,18.58,58.68,0.00,0.00,0.00,0.00,0.00,0.00,0.00,0.00,155.45,155.45,0.00,195.55,0.00,0.00
1532485,"Hollywood Wraps Redondo Beach",209813,"NULL","2021-09-21","2021-09-26",373.25,35.50,112.00,0.00,0.00,0.00,0.00,0.00,0.00,0.00,0.00,296.75,296.75,0.00,373.25,0.00,0.00
1532489,"Ma Soul's Chicken and Waffles Redondo Beach",287055,"NULL","2021-09-22","2021-09-26",129.55,12.32,38.88,0.00,0.00,0.00,0.00,0.00,0.00,0.00,13.84,102.99,116.83,0.00,129.55,0.00,0.00
1532499,"Nacho Lords Redondo Beach",545619,"NULL","2021-09-21","2021-09-25",250.25,23.79,68.52,0.00,0.00,0.00,0.00,0.00,0.00,0.00,0.00,205.52,205.52,0.00,250.25,0.00,0.00
1532507,"No Joke PBJ (Aviation Blvd)",558892,"NULL","2021-09-23","2021-09-25",74.70,7.11,22.42,0.00,0.00,0.00,0.00,0.00,0.00,0.00,0.00,59.39,59.39,0.00,74.70,0.00,0.00
1532526,"Nocturnal Eats Redondo Beach",185264,"NULL","2021-09-20","2021-09-26",740.55,70.40,222.25,0.00,0.00,0.00,0.00,0.00,0.00,0.00,0.00,588.70,588.70,0.00,740.55,0.00,0.00
1532536,"Pipeline Wraps Redondo Beach",350481,"NULL","2021-09-22","2021-09-25",112.35,10.69,33.73,0.00,0.00,0.00,0.00,0.00,0.00,0.00,0.00,89.31,89.31,0.00,112.35,0.00,0.00
1532557,"Pizzaroo Pizza (Aviation Blvd)",251115,"NULL","2021-09-23","2021-09-24",39.90,3.80,11.98,0.00,0.00,0.00,0.00,0.00,0.00,0.00,0.00,31.72,31.72,0.00,39.90,0.00,0.00
1532583,"Seaside Burritos and Tacos Redondo Beach",466228,"NULL","2021-09-21","2021-09-25",143.20,13.62,42.97,0.00,0.00,0.00,0.00,0.00,0.00,0.00,0.00,113.85,113.85,0.00,143.20,0.00,0.00
1532592,"Sierra Bonita Mexican Grill Redondo Beach",251573,"NULL","2021-09-20","2021-09-25",195.95,18.64,58.80,0.00,0.00,0.00,0.00,0.00,0.00,0.00,0.00,155.79,155.79,0.00,195.95,0.00,0.00
1532606,"Sunset Beach Fish & Chips Redondo Beach",251112,"NULL","2021-09-22","2021-09-26",185.05,17.59,50.16,0.00,0.00,0.00,0.00,0.00,0.00,0.00,0.00,152.48,152.48,0.00,185.05,0.00,0.00
1532625,"Welders Grilled Cheese Redondo Beach",404303,"NULL","2021-09-20","2021-09-26",1397.65,132.85,416.13,0.00,0.00,0.00,0.00,0.00,0.00,0.00,0.00,1114.37,1114.37,0.00,1397.65,14.29,0.00
1532654,"Woofers Hot Dogs Redondo Beach",466820,"NULL","2021-09-22","2021-09-26",238.35,22.65,65.24,0.00,0.00,0.00,0.00,0.00,0.00,0.00,0.00,195.76,195.76,0.00,238.35,0.00,0.00
1536821,"Oscars Pancake Bar Redondo Beach",251607,"NULL","2021-09-20","2021-09-26",270.20,25.71,81.11,0.00,0.00,0.00,0.00,0.00,0.00,0.00,0.00,214.80,214.80,0.00,270.20,0.00,0.00
1634422,"No Joke PBJ (Burbank)",558892,"NULL","2021-09-23","2021-09-23",51.75,5.30,15.53,0.00,0.00,0.00,0.00,0.00,0.00,0.00,0.00,41.52,41.52,0.00,51.75,0.00,0.00
